{
  "train_loss": [
    0.2583376391891182,
    0.1821824557377532,
    0.15729654672967844,
    0.14410385922571203,
    0.13690790934571548,
    0.13033561047276584,
    0.12494963422739723,
    0.12017221860993538,
    0.11406294815567386,
    0.11156919024306164,
    0.10874323549723641,
    0.10692772792139943,
    0.10142885138861986,
    0.09856429908186486,
    0.09439055667390014,
    0.09291009490052968,
    0.08956229523139143,
    0.08538673613863684,
    0.08406122418057649,
    0.0720530176125104,
    0.06765801497506005,
    0.06753313602173766,
    0.06493289444677545
  ],
  "val_loss": [
    0.1829319843013715,
    0.155792153533141,
    0.15962710118903448,
    0.1257750997203784,
    0.14169587080931811,
    0.12074997499732738,
    0.12988926137344597,
    0.11563972084177404,
    0.11966181602899005,
    0.11123096523816631,
    0.11299315161514478,
    0.11880517360169053,
    0.10498641101063275,
    0.1183139906893866,
    0.11611365964768526,
    0.10712594199091033,
    0.1192737958741074,
    0.1183930263711048,
    0.11208435501646291,
    0.10870572593251417,
    0.11522641453077721,
    0.11481031589006466,
    0.11433522192855453
  ],
  "val_nse": [
    0.8074374931640923,
    0.8360061047595605,
    0.8319692675204893,
    0.867603424239552,
    0.8508444942207766,
    0.8728930970578523,
    0.8632726696225331,
    0.8782723804915943,
    0.87403854161228,
    0.88291323647052,
    0.8810582795256503,
    0.8749402824195085,
    0.8894865397625873,
    0.8754573256289647,
    0.8777734913501464,
    0.8872343725242798,
    0.8744469906243133,
    0.8753741269394669,
    0.8820149192862937,
    0.885571417780581,
    0.8787074463188007,
    0.8791454518295766,
    0.879645555373013
  ],
  "val_kge": [
    0.8034518306952332,
    0.7807066663023685,
    0.7188369914364812,
    0.8816140033967326,
    0.8636883009698342,
    0.9232031492690156,
    0.8763646637309846,
    0.8970767948335946,
    0.8502167175815749,
    0.8758381482737703,
    0.8828088623952464,
    0.888228523680591,
    0.9087092763489244,
    0.9130341121248852,
    0.8845403361040571,
    0.9094318057380713,
    0.8926518318535825,
    0.8798691823054207,
    0.9259718105415913,
    0.9152402704102707,
    0.8926121893441561,
    0.8779685382515766,
    0.8792330516101886
  ],
  "val_rmse": [
    1.8111437193747408,
    1.6714018917877371,
    1.69184825947041,
    1.501776918158968,
    1.5939940398996313,
    1.4714706941524707,
    1.526141196269887,
    1.4399970857651214,
    1.4648254902967952,
    1.4122804569478664,
    1.423423582635664,
    1.4595728302381743,
    1.3720648456363789,
    1.4565524977717472,
    1.4429449144695157,
    1.3859750716486166,
    1.462448603173043,
    1.4570389295420085,
    1.417687779094033,
    1.3961571576351715,
    1.4374214405871732,
    1.4348237216204989,
    1.4318519497450273
  ]
}