{
  "train_loss": [
    0.32837060243679167,
    0.23042510799250623,
    0.2186500970845749,
    0.20728831117363924,
    0.1951019771209035,
    0.1914724791747725,
    0.18557583507764241,
    0.18160188856029671,
    0.1760862285913689,
    0.1724981771322817,
    0.16847113152184806,
    0.1656659320627195,
    0.16776345763244427,
    0.16177193006559223,
    0.15718605850467102,
    0.15294293050612717,
    0.15437556765601185,
    0.15523120652646535,
    0.15239549059827392,
    0.15103688777320246,
    0.1482775508095967,
    0.14749929782985524,
    0.14440978811164268,
    0.14091450899358984,
    0.14276102886708353,
    0.13835415708419052,
    0.13693699509057108,
    0.1353837617356269,
    0.12097157758372944,
    0.11444046994314488,
    0.11392672894707509,
    0.11197323080385294
  ],
  "val_loss": [
    0.2565283863718718,
    0.23210031379116036,
    0.19102116112663448,
    0.21203193165158313,
    0.1881400179081276,
    0.1988571993436644,
    0.23740175324059576,
    0.20425539668791934,
    0.18566251683186313,
    0.2817048821333653,
    0.24271535937577648,
    0.25456674715534583,
    0.23783050109291337,
    0.17629503560603643,
    0.18053376316291386,
    0.18456488815813116,
    0.22175576408541267,
    0.15641722027558447,
    0.18920171350240708,
    0.20010799562670495,
    0.19184820500675773,
    0.1552856679513155,
    0.21233732236131944,
    0.24139130223725663,
    0.22623032623382866,
    0.18524720731573027,
    0.24041013562369867,
    0.24304213171285358,
    0.24870823995296748,
    0.2509163692092798,
    0.21062192928962042,
    0.25776473389297233
  ],
  "val_nse": [
    0.7299665737437387,
    0.7556806724195788,
    0.7989224571684044,
    0.776805560946595,
    0.8019552765440265,
    0.7906738847388664,
    0.750100141211778,
    0.7849914980299484,
    0.8045632056112654,
    0.70346464768765,
    0.744506798211371,
    0.7320314797780623,
    0.7496488172555766,
    0.8144238436186688,
    0.8099619735931659,
    0.8057186223450601,
    0.7665698143114731,
    0.8353481334829065,
    0.8008376893288439,
    0.7893572388858218,
    0.798051868983915,
    0.8365392540301501,
    0.7764840944410933,
    0.7459005597083688,
    0.761859687894687,
    0.805000384570024,
    0.7469333779718321,
    0.7441628199871861,
    0.7381984175683654,
    0.735874041220092,
    0.7782897970239523,
    0.7286651405011665
  ],
  "val_kge": [
    0.7765590863037138,
    0.6773766072688747,
    0.8702619078874628,
    0.8719005341695858,
    0.895006485025232,
    0.8650204342899496,
    0.6907517991982745,
    0.7287525899921345,
    0.8148152958302162,
    0.6317465211822246,
    0.781317655036144,
    0.7682720837555777,
    0.7693782827756617,
    0.8444368996306941,
    0.8727290886070628,
    0.8342850319318933,
    0.7509180477457181,
    0.898558573901105,
    0.8359952693891373,
    0.7838796229215905,
    0.8016315427026405,
    0.8919580364619806,
    0.702835234493709,
    0.7528307438242201,
    0.7599845061925474,
    0.8055919072926125,
    0.7073169073104262,
    0.6678849761575161,
    0.6933508440422689,
    0.6610533551995738,
    0.7501564953812508,
    0.6925163531061208
  ],
  "val_rmse": [
    2.1447457311374465,
    2.0400741874213404,
    1.8507545825649363,
    1.9498838110618775,
    1.8367442400435925,
    1.888333750884479,
    2.0632414495837628,
    1.913792575010348,
    1.824610685647744,
    2.2475289104333562,
    2.0862037564016958,
    2.136529716194512,
    2.065103736022157,
    1.7779851786899834,
    1.7992325709339831,
    1.819209167337061,
    1.994093676924095,
    1.6747515090465852,
    1.8419194198095166,
    1.8942631817102453,
    1.854756781908522,
    1.6686827901657957,
    1.9512875126890048,
    2.0805056658652727,
    2.014111494020571,
    1.822568777439704,
    2.0762731256549314,
    2.087607643640745,
    2.111801929134607,
    2.121155912683296,
    1.943389663235923,
    2.149907848272651
  ]
}